id;uuid;name;info;checked;created_time;created_by;modified_time;modified_by;alert_time;alert_doc;es_document_id;es_index_name
1;Tome Place;Handcrafted Guilder;bypass Grocery bypassing;true;2023-04-08T13:53:02;Borders;2023-04-08T19:31:17;Borders;2023-04-08T15:10:50;Persevering Berkshire;payment index Executive;Marketing Tonga generating
2;neural neural green;engineer Electronics;synthesizing;true;2023-04-08T23:13:03;interface deploy Loan;2023-04-09T01:06:16;Fort hack;2023-04-08T19:52:35;syndicate Nebraska;Chair eyeballs;Pierre Netherlands New
3;Morocco Assurance responsive;harness Director;Wooden orchestrate;true;2023-04-09T06:04:56;Planner Awesome Principal;2023-04-09T07:09:13;one-to-one Alabama didactic;2023-04-08T17:17:01;Future programming Spurs;convergence Central;Officer
4;Cheese;pixel;Borders transitional;true;2023-04-08T23:32:57;mobile Chair Steel;2023-04-09T08:08:39;Jewelery Hills Card;2023-04-08T21:34:28;Global Wooden Fresh;navigating;synthesize global Plastic
5;Fish index;alliance Director Centralized;Card;false;2023-04-09T03:29:03;Metal set override;2023-04-08T17:11:59;Borders Tactics;2023-04-09T02:02:59;Ameliorated Avon Steel;primary;Open-source Investment payment
6;bypass invoice;Rest Account;Hills;false;2023-04-08T18:27:23;Integration Compatible;2023-04-09T00:49:25;Arkansas;2023-04-09T03:53:36;CSS Coordinator transition;copy Botswana;payment parse
7;Multi-layered Agent;Street extend Central;compress;false;2023-04-09T05:07:46;bifurcated Account Borders;2023-04-08T12:40:56;Chips Republic;2023-04-09T01:32:36;bypassing compress;Wooden Shilling;navigate Product
8;Mouse Pound;Awesome;brand;true;2023-04-09T05:19:28;Buckinghamshire Cambridgeshire;2023-04-08T19:35:28;Handmade;2023-04-09T08:27:58;hard;of Account;revolutionary
9;Granite Senior;Netherlands Cambridgeshire;bandwidth-monitored Communications;false;2023-04-09T09:53:33;virtual Home index;2023-04-09T09:19:08;Indiana contingency;2023-04-09T03:28:48;Manager Account;Mexico up tertiary;Delaware
10;Investment migration Sleek;implement Solutions Graphical;Branch magenta;true;2023-04-09T09:42:44;Federation TCP maroon;2023-04-08T20:27:58;THX networks;2023-04-09T00:26:31;Buckinghamshire Stream;Refined green Crest;revolutionize Sausages
