id;title;name;content;type;contact_way;created_time;created_by;modified_time;modified_by
1;networks Bike;Hat Frozen Oregon;Arkansas Handmade;2023-04-09T09:12:28;reboot Designer Architect;2023-04-09T11:12:35;Beauty Developer Mouse;Village;withdrawal
2;distributed;Maldives;Towels;2023-04-08T21:15:43;AGP;2023-04-08T13:57:34;Walk Yemen multi-state;Borders up;Implementation
3;integrate Shoes Road;indexing;copy circuit programming;2023-04-09T01:28:20;invoice archive Buckinghamshire;2023-04-09T05:40:08;Indiana microchip;override sensor Music;Toys Seychelles Bedfordshire
4;Rubber;deposit Avon Robust;bluetooth Producer synergize;2023-04-08T18:09:16;lavender;2023-04-08T22:24:36;withdrawal Bedfordshire;synergies supply-chains;Knoll
5;end-to-end;Guilder Borders;Program Shoes;2023-04-09T09:04:12;virtual Open-architected deposit;2023-04-09T08:26:46;Computers haptic;24/365;Rubber Investor Soap
6;Managed;monitor;Account methodical;2023-04-08T12:50:07;input;2023-04-09T08:23:35;bandwidth impactful Facilitator;Awesome;fresh-thinking overriding generate
7;cross-platform GB;red Tactics;bricks-and-clicks transmit protocol;2023-04-09T06:03:16;copying;2023-04-09T01:33:21;Executive SMTP ivory;monitor Rupee Eritrea;silver bypass
8;SDR;Cambridgeshire;FTP;2023-04-09T01:34:06;utilize;2023-04-08T20:46:56;capacitor Chicken;SMTP Secured;Qatar
9;Managed;Steel user copying;payment;2023-04-08T17:53:47;EXE;2023-04-08T12:46:40;Central Bacon;Assistant transmit;Centralized Clothing
10;Plastic Centralized;Generic Specialist Front-line;Loan;2023-04-08T15:21:31;Bike Indian Heights;2023-04-08T21:59:32;Home;multi-byte;Loan Squares Bahraini
