id;name;alias;title;info;description;created_time;created_by;modified_time;modified_by;backup_cycle
1;Table;open-source;Integration;Refined metrics e-commerce;Chief;2023-04-08T16:08:03;Berkshire Planner enterprise;2023-04-09T09:07:27;fuchsia;Nevada
2;harness Georgia Hat;Program mesh;Designer array;Verde;Loan Music;2023-04-08T21:29:51;pink Account;2023-04-09T06:15:55;Fantastic;Versatile bypass California
3;JSON Communications;connecting systems;networks;Avon XML;invoice Sleek azure;2023-04-09T03:32:40;Saint Money Fresh;2023-04-09T05:43:55;synergistic blue Chief;Nebraska
4;Tasty Shirt Central;Egypt XML;Armenian;Cambridgeshire;circuit;2023-04-09T11:15:38;Chicken;2023-04-09T03:02:59;Pennsylvania Unbranded;e-services
5;Granite frame Borders;hacking;methodologies Human protocol;Tasty;Intranet mint Supervisor;2023-04-08T17:47:46;PNG Personal;2023-04-08T19:43:31;Lead asymmetric monetize;Tunisian
6;Applications;turquoise Berkshire hack;streamline Practical Administrator;circuit Licensed quantifying;Loan Security;2023-04-09T09:32:27;Front-line;2023-04-08T19:29:12;neural Licensed;Rubber Dynamic application
7;French incubate green;Parkway withdrawal Bedfordshire;Future;Trace Plastic Progressive;Germany driver;2023-04-09T07:12:29;Computer utilize Accounts;2023-04-09T00:56:39;SMS Personal;generate
8;Ball;Dynamic e-enable Unions;Metal;Azerbaijanian Steel turquoise;Loan Future Re-contextualized;2023-04-08T17:08:49;streamline;2023-04-08T14:38:03;synthesize Bike;Gorgeous
9;Wooden;Bulgaria redundant Rial;Jordanian Kids Fish;interfaces;Arizona;2023-04-09T08:04:51;synthesizing web payment;2023-04-08T16:12:12;Open-architected;Buckinghamshire Intelligent
10;Baby withdrawal Toys;Avon;virtual;Advanced green Fundamental;Nebraska deposit Industrial;2023-04-09T06:54:37;Keyboard California;2023-04-08T23:04:17;Industrial;Electronics
